regime,movement_control,horizon,method,n_replications,average_step_movement,average_step_movement_se,percent_change_mean,percent_change_se,test_w2_mean,test_w2_se,loss_ratio_mean,loss_ratio_se,repair_rate,percent_change_ci_low,percent_change_ci_high,test_w2_ci_low,test_w2_ci_high,loss_ratio_ci_low,loss_ratio_ci_high
persistent,0.0,1,persistence,60,0.22090126523124637,4.089050302808613e-06,20.23293509591785,0.13301352758123042,0.049810746036095026,8.262132567936075e-06,1.0,0.0,0.0,19.972228581858637,20.49364160997706,0.04979455225626187,0.04982693981592818,1.0,1.0
persistent,0.0,1,euclidean,60,0.22090126523124637,4.089050302808613e-06,230.77793747159654,0.3581699031953723,0.13703672187326987,2.7504465130859656e-05,2.7511494228675675,0.0005026560446591377,0.0,230.0759244613336,231.47995048185948,0.1369828131216134,0.13709063062492635,2.7501642170200356,2.7521346287150994
persistent,0.0,1,cholesky,60,0.22090126523124637,4.089050302808613e-06,203.61330628562797,0.33823968359997264,0.1257824853666763,2.0782900966587057e-05,2.5252091855023884,0.0003401135266493462,0.0,202.95035650577202,204.27625606548392,0.1257417508807818,0.1258232198525708,2.5245425629901557,2.525875808014621
persistent,0.0,1,log_euclidean,60,0.22090126523124637,4.089050302808613e-06,251.10758737288526,0.39628856772960314,0.14545863961056912,3.399107119154844e-05,2.9202275004907046,0.0006097750339984595,0.0,250.33086178013525,251.88431296563527,0.1453920171110337,0.14552526211010455,2.9190323414240678,2.9214226595573414
persistent,0.0,1,fixed,60,0.22090126523124637,4.089050302808613e-06,0.0,0.0,0.041431778666818624,5.0003689920532754e-05,0.8317789987226494,0.0009213861149918635,0.0,0.0,0.0,0.04133377143457438,0.041529785899062865,0.8299730819372654,0.8335849155080334
persistent,0.0,1,local,60,0.22090126523124637,4.089050302808613e-06,1.034182920458901,0.0053552791154662166,0.041860267368858804,5.0681453118345855e-05,0.8403811808608146,0.0009329092184187468,0.0,1.0236865733925873,1.0446792675252148,0.041760931720746845,0.04195960301697076,0.8385526787927139,0.8422096829289153
persistent,0.0,3,persistence,60,0.22090126523124637,4.089050302808613e-06,18.293659135652145,0.06807508597493112,0.4293307489491892,2.798846069633139e-05,1.0,0.0,0.0,18.160231967141282,18.42708630416301,0.4292758915662244,0.429385606332154,1.0,1.0
persistent,0.0,3,euclidean,60,0.22090126523124637,4.089050302808613e-06,96.06211378982293,0.11459316040190201,0.7115805882722818,5.303105113706806e-05,1.657418312317748,0.0001051417639871878,0.0,95.8375111954352,96.28671638421066,0.7114766474120531,0.7116845291325105,1.657212234460333,1.6576243901751628
persistent,0.0,3,cholesky,60,0.22090126523124637,4.089050302808613e-06,159.58640131523435,0.1582276705124493,0.9421332235956832,0.00017185479248818064,2.1944228880637793,0.0003734744408487228,0.0,159.27627508102995,159.89652754943876,0.9417963882024064,0.94247005898896,2.1936908781597158,2.195154897967843
persistent,0.0,3,log_euclidean,60,0.22090126523124637,4.089050302808613e-06,185.71978394145157,0.16824622642511164,1.0369806076555246,6.278653310706956e-05,2.4153422846107526,0.0001284418670444908,0.0,185.39002133765834,186.0495465452448,1.0368575460506346,1.0371036692604145,2.4150905385513455,2.4155940306701598
persistent,0.0,3,fixed,60,0.22090126523124637,4.089050302808613e-06,0.0,0.0,0.36294390739015847,0.0002220354422630137,0.8453703806645816,0.0004869220470876567,0.0,0.0,0.0,0.36250871792332295,0.363379096856994,0.8444160134522898,0.8463247478768734
persistent,0.0,3,local,60,0.22090126523124637,4.089050302808613e-06,1.0086941619963834,0.003036122576430296,0.3666049717968744,0.0002264783789153542,0.8538977313923591,0.000496847449959003,0.0,1.00274336174658,1.0146449622461868,0.3661610741742003,0.3670488694195485,0.8529239103904395,0.8548715523942788
persistent,0.0,6,persistence,60,0.22090126523124637,4.089050302808613e-06,22.607714827760894,0.05161601227960423,1.5437106129874316,8.355994641034445e-05,1.0,0.0,0.0,22.50654744369287,22.708882211828918,1.5435468354924673,1.543874390482396,1.0,1.0
persistent,0.0,6,euclidean,60,0.22090126523124637,4.089050302808613e-06,20.69319895425333,0.051550620457370175,1.519605364419683,7.584549816181093e-05,0.9843849537688263,5.0144712977363455e-05,0.0,20.592159738156884,20.794238170349775,1.5194567072432859,1.51975402159608,0.9842866701313907,0.9844832374062619
persistent,0.0,6,cholesky,60,0.22090126523124637,4.089050302808613e-06,92.9276996938756,0.08197088934980065,2.4290845205301426,0.00011371892827813296,1.573536243665949,2.988502771370957e-05,0.0,92.76703675074998,93.08836263700121,2.4288616314307174,2.4293074096295677,1.57347766901163,1.573594818320268
persistent,0.0,6,log_euclidean,60,0.22090126523124637,4.089050302808613e-06,65.68474401214455,0.06966463212466167,2.086078349273389,0.00010819794457672936,1.3513403639458523,5.380257807651753e-05,0.0,65.54820133318022,65.82128669110888,2.085866281302019,2.086290417244759,1.3512349108928223,1.3514458169988823
persistent,0.0,6,fixed,60,0.22090126523124637,4.089050302808613e-06,0.0,0.0,1.2590784470867578,0.0005522959333565719,0.8156178976231542,0.0003436752785737028,0.0,0.0,0.0,1.257995947057379,1.2601609471161366,0.8149442940771497,0.8162915011691586
persistent,0.0,6,local,60,0.22090126523124637,4.089050302808613e-06,0.8698648041685463,0.002736521625748346,1.270030943784896,0.0005664358427249341,0.822712800458747,0.0003525432170388373,0.0,0.8645012217820796,0.875228386555013,1.268920729533155,1.271141158036637,0.8220218157533509,0.823403785164143
persistent,0.75,1,persistence,60,0.23180922979474697,4.264487050579841e-06,0.5816827945050699,0.07928685216240701,0.05826158998439604,8.499724616323825e-06,1.0,0.0,0.0,0.42628056426675215,0.7370850247433876,0.058244930524148045,0.058278249444644034,1.0,1.0
persistent,0.75,1,euclidean,60,0.23180922979474697,4.264487050579841e-06,267.6666237825414,0.3034351192103708,0.2129691804209199,2.3511802851783717e-05,3.6553988347029995,0.000485043500333371,0.0,267.0718909488891,268.2613566161937,0.2129230972873304,0.2130152635545094,3.654448149442346,3.656349519963653
persistent,0.75,1,cholesky,60,0.23180922979474697,4.264487050579841e-06,227.4763687140896,0.26689822093651605,0.18968928163009155,2.4375261767554552e-05,3.25582271645404,0.00043499838248040604,0.0,226.95324820105404,227.99948922712517,0.18964150611702715,0.18973705714315595,3.254970119624378,3.2566753132837016
persistent,0.75,1,log_euclidean,60,0.23180922979474697,4.264487050579841e-06,114.80302052294441,0.16871475899630964,0.12442400712928373,2.6415589283352807e-05,2.1356105148810953,0.00042356969873697014,0.0,114.47233959531164,115.13370145057718,0.12437223257428835,0.1244757816842791,2.134780318271571,2.1364407114906196
persistent,0.75,1,fixed,60,0.23180922979474697,4.264487050579841e-06,0.0,0.0,0.05792699067346643,5.078112758519702e-05,0.9942532908026724,0.0007843726387319528,0.0,0.0,0.0,0.057827459663399444,0.05802652168353342,0.9927159204307578,0.995790661174587
persistent,0.75,1,local,60,0.23180922979474697,4.264487050579841e-06,-3.651454211023498,0.016506266777645412,0.055812131085259176,5.556096621554043e-05,0.9579534242691233,0.0008689993078226803,0.0,-3.683806493907683,-3.619101928139313,0.055703231591476714,0.05592103057904164,0.9562501856257909,0.9596566629124558
persistent,0.75,3,persistence,60,0.23180922979474697,4.264487050579841e-06,5.537686503187857,0.052185306563834175,0.5044604070701424,2.953184063804127e-05,1.0,0.0,0.0,5.435403302322742,5.639969704052971,0.5044025246624918,0.504518289477793,1.0,1.0
persistent,0.75,3,euclidean,60,0.23180922979474697,4.264487050579841e-06,83.61063431835247,0.09202857966505722,0.8776418284923732,7.637168581168058e-05,1.7397635242371952,0.00010508595397452076,0.0,83.43025830220896,83.79101033449598,0.8774921399881822,0.8777915169965641,1.739557555767405,1.7399694927069853
persistent,0.75,3,cholesky,60,0.23180922979474697,4.264487050579841e-06,170.86221740072733,0.13735690586519603,1.2946958833729418,6.000378871925762e-05,2.5664967452588123,0.00010226479077777407,0.0,170.59299786523155,171.1314369362231,1.294578275947052,1.2948134907988316,2.566296306268888,2.5666971842487367
persistent,0.75,3,log_euclidean,60,0.23180922979474697,4.264487050579841e-06,61.97087787988389,0.0815899564856403,0.7742060043730871,0.00010706796451218569,1.5347210480445328,0.00019234604542471526,0.0,61.810961565172036,62.13079419459575,0.7739961511626432,0.7744158575835309,1.5343440497955003,1.5350980462935653
persistent,0.75,3,fixed,60,0.23180922979474697,4.264487050579841e-06,0.0,0.0,0.47799804861016965,0.00025052336906755023,0.9475424967335832,0.00046866486599614967,0.0,0.0,0.0,0.47750702280679724,0.47848907441354205,0.9466239135962307,0.9484610798709356
persistent,0.75,3,local,60,0.23180922979474697,4.264487050579841e-06,-2.7776219831768514,0.006901098411723736,0.4647216118735561,0.00026259794570085394,0.9212243395271708,0.0004928180580745528,0.0,-2.7911481360638297,-2.764095830289873,0.4642069198999824,0.4652363038471298,0.9202584161333446,0.9221902629209969
persistent,0.75,6,persistence,60,0.23180922979474697,4.264487050579841e-06,12.52288413825928,0.04357194182389734,1.8256486586570673,8.900177917136134e-05,1.0,0.0,0.0,12.437483132284441,12.60828514423412,1.8254742151698915,1.825823102144243,1.0,1.0
persistent,0.75,6,euclidean,60,0.23180922979474697,4.264487050579841e-06,19.586541828650066,0.04657466016361252,1.940254304278639,0.00012589741382930563,1.0627753101396513,4.8679659903544006e-05,0.0,19.495255494729385,19.677828162570748,1.9400075453475336,1.9405010632097446,1.0626798980062404,1.0628707222730622
persistent,0.75,6,cholesky,60,0.23180922979474697,4.264487050579841e-06,78.73865111581645,0.06940526443000612,2.89997870928044,0.00013400715508537394,1.588464874163386,3.300180210545119e-05,0.0,78.60261679753364,78.87468543409926,2.899716055256473,2.9002413633044073,1.5884001906312593,1.5885295576955127
persistent,0.75,6,log_euclidean,60,0.23180922979474697,4.264487050579841e-06,12.988428875678911,0.04977369046466814,1.8332014244002897,0.0003492304313924259,1.0041370729809365,0.0001887055129663191,0.0,12.890872442368162,13.085985308989661,1.8325169327547606,1.8338859160458187,1.0037672101755224,1.0045069357863505
persistent,0.75,6,fixed,60,0.23180922979474697,4.264487050579841e-06,0.0,0.0,1.6224835008970961,0.0006492518995298047,0.8887159792902679,0.00034432692810646624,0.0,0.0,0.0,1.6212109671740178,1.6237560346201745,0.8880410985111792,0.8893908600693566
persistent,0.75,6,local,60,0.23180922979474697,4.264487050579841e-06,-4.5061214513031285,0.004755961717583184,1.5493733018472944,0.0006606658191361319,0.8486698135245032,0.0003507332879104565,0.0,-4.5154431362695915,-4.4967997663366654,1.5480783968417875,1.5506682068528013,0.8479823762801987,0.8493572507688077
persistent,1.5,1,persistence,60,0.25089439971658717,5.818848504496205e-06,-3.34644429992568,0.06404393171074724,0.07503838828624355,9.879495536951772e-06,1.0,0.0,0.0,-3.4719704060787446,-3.220918193772615,0.07501902447499113,0.07505775209749597,1.0,1.0
persistent,1.5,1,euclidean,60,0.25089439971658717,5.818848504496205e-06,280.25742295584547,0.26356576990203245,0.29521800239832274,3.936055418818849e-05,3.9342282239098867,0.0005104549377719477,0.0,279.7408340468375,280.77401186485343,0.2951408557121139,0.2952951490845316,3.933227732231854,3.9352287155879195
persistent,1.5,1,cholesky,60,0.25089439971658717,5.818848504496205e-06,283.5894465890481,0.2575247345831828,0.2978051289720071,4.005426228330002e-05,3.9687056332048645,0.000522003964584821,0.0,283.0846981092651,284.09419506883114,0.29772662261793187,0.29788363532608236,3.9676825054342784,3.9697287609754506
persistent,1.5,1,log_euclidean,60,0.25089439971658717,5.818848504496205e-06,76.14643410452973,0.11294687914729441,0.13675410177919595,3.22151708604279e-05,1.8224557162782697,0.0003974959320146136,0.0,75.92505822140103,76.36780998765843,0.1366909600443095,0.1368172435140824,1.821676624251521,1.8232348083050185
persistent,1.5,1,fixed,60,0.25089439971658717,5.818848504496205e-06,0.0,0.0,0.07763863905343066,5.676649834790661e-05,1.034649900191399,0.0006859226400243532,0.0,0.0,0.0,0.07752737671666876,0.07774990139019256,1.033305491816951,1.0359943085658467
persistent,1.5,1,local,60,0.25089439971658717,5.818848504496205e-06,-17.604868140734496,0.03122759611401526,0.06397124327774178,6.690630856208341e-05,0.8525107821693575,0.0008379919861499265,0.0,-17.666074229117967,-17.543662052351024,0.0638401069129601,0.06410237964252347,0.8508683178765036,0.8541532464622114
persistent,1.5,3,persistence,60,0.25089439971658717,5.818848504496205e-06,4.712613475004681,0.04693465267305751,0.6507689012359824,3.811096309992344e-05,1.0,0.0,0.0,4.620621555765489,4.804605394243874,0.6506942037483066,0.6508435987236583,1.0,1.0
persistent,1.5,3,euclidean,60,0.25089439971658717,5.818848504496205e-06,104.26353270403271,0.09456189357550512,1.2694590990104122,0.000194006708336178,1.9507064613247491,0.00027565561572027785,1.0,104.07819139262472,104.44887401544071,1.2690788458620732,1.2698393521587512,1.9501661763179374,1.9512467463315608
persistent,1.5,3,cholesky,60,0.25089439971658717,5.818848504496205e-06,169.32488640862405,0.126084486129493,1.6738023206332597,0.0001906862861782798,2.5720382164614404,0.0002916510082597999,0.0,169.07776081581025,169.57201200143786,1.6734285755123504,1.674176065754169,2.571466580485251,2.5726098524376297
persistent,1.5,3,log_euclidean,60,0.25089439971658717,5.818848504496205e-06,33.463596379988495,0.057627459135783474,0.8294517740769266,0.00014363944173825346,1.2745719312770514,0.00020794455270769358,0.0,33.35064656008236,33.57654619989463,0.8291702407711197,0.8297333073827335,1.2741643599537442,1.2749795026003585
persistent,1.5,3,fixed,60,0.25089439971658717,5.818848504496205e-06,0.0,0.0,0.6214885849277292,0.0002923294511942697,0.955006103437009,0.0004279262281192838,0.0,0.0,0.0,0.6209156192033884,0.6220615506520699,0.9541673680298952,0.9558448388441227
persistent,1.5,3,local,60,0.25089439971658717,5.818848504496205e-06,-13.497120245103389,0.012173383601756965,0.5376068587734631,0.000306618708673322,0.8261097358644761,0.0004530926996981491,0.0,-13.520980076962832,-13.473260413243946,0.5370058861044634,0.5382078314424629,0.8252216741730677,0.8269977975558845
persistent,1.5,6,persistence,60,0.25089439971658717,5.818848504496205e-06,11.324172552874213,0.041017228040547624,2.3490033786560076,0.00012035566167862367,1.0,0.0,0.0,11.24377878591474,11.404566319833686,2.3487674815591175,2.3492392757528977,1.0,1.0
persistent,1.5,6,euclidean,60,0.25089439971658717,5.818848504496205e-06,31.539031581734964,0.048628855419651916,2.775548853913341,0.0002641093821823216,1.181585721401301,9.454109888963818e-05,1.0,31.443719025112447,31.63434413835748,2.7750311995242636,2.7760665083024185,1.1814004208474773,1.1817710219551247
persistent,1.5,6,cholesky,60,0.25089439971658717,5.818848504496205e-06,78.67931068082822,0.06632063982703026,3.7702356993470376,0.00037494283678964405,1.6050362960432074,0.0001353472069341763,0.0,78.54932222676725,78.8092991348892,3.76950081138693,3.7709705873071453,1.6047710155176165,1.6053015765687983
persistent,1.5,6,log_euclidean,60,0.25089439971658717,5.818848504496205e-06,2.51542497361589,0.034054266280357785,2.163136297778298,0.00027760501362184253,0.9208740524830369,0.00010605320362649506,0.0,2.448678611706389,2.5821713355253912,2.1625921919515996,2.163680403604997,0.920666188203929,0.9210819167621448
persistent,1.5,6,fixed,60,0.25089439971658717,5.818848504496205e-06,0.0,0.0,2.110074075894618,0.0007975734870789508,0.8982846999283505,0.00033096586305608446,0.0,0.0,0.0,2.1085108318599435,2.111637319929293,0.8976360068367606,0.8989333930199404
persistent,1.5,6,local,60,0.25089439971658717,5.818848504496205e-06,-14.707854868420782,0.009225091210488416,1.7997296295352434,0.0007963179352852,0.7661672060966295,0.00033220679804108177,0.0,-14.72593604719334,-14.689773689648224,1.7981688463820844,1.8012904126884024,0.7655160807724689,0.76681833142079
persistent,2.0,1,persistence,60,0.2625691517808001,7.696759871190913e-06,-0.13156073283219843,0.06449891223542646,0.08639901202831934,1.1681714995062497e-05,1.0,0.0,0.0,-0.25797860081363433,-0.0051428648507625685,0.08637611586692902,0.08642190818970967,1.0,1.0
persistent,2.0,1,euclidean,60,0.2625691517808001,7.696759871190913e-06,298.61649715827247,0.267778992930144,0.3448542822702969,6.898313368189176e-05,3.9914156293698606,0.0006920535031819118,0.05,298.0916503321294,299.1413439844155,0.3447190753282804,0.3449894892123134,3.9900592045036243,3.992772054236097
persistent,2.0,1,cholesky,60,0.2625691517808001,7.696759871190913e-06,298.90839715917804,0.2682419415406668,0.345106711834196,6.0589902023700056e-05,3.9943387328514173,0.0007258309208715332,0.0,298.3826429537583,299.43415136459777,0.3449879556262295,0.3452254680421625,3.992916104246509,3.9957613614563257
persistent,2.0,1,log_euclidean,60,0.2625691517808001,7.696759871190913e-06,78.75873878069416,0.11384247371807013,0.15464952307925323,4.053973542293705e-05,1.789946219033432,0.00045287500202779703,0.0,78.53560753220674,78.98187002918158,0.15457006519782426,0.1547289809606822,1.7890585840294577,1.7908338540374065
persistent,2.0,1,fixed,60,0.2625691517808001,7.696759871190913e-06,0.0,0.0,0.08651511549959248,6.099563074271068e-05,1.0013419943293755,0.0006470228886139371,0.0,0.0,0.0,0.08639556406333677,0.08663466693584819,1.0000738294676923,1.0026101591910588
persistent,2.0,1,local,60,0.2625691517808001,7.696759871190913e-06,-22.13745352640821,0.035435158753270204,0.06736381819114629,7.318021097886886e-05,0.7796807167675398,0.0008080811931215124,0.0,-22.20690643756462,-22.068000615251798,0.06722038497762771,0.06750725140466486,0.7780968776290217,0.7812645559060579
persistent,2.0,3,persistence,60,0.2625691517808001,7.696759871190913e-06,9.863208480227167,0.04856523795504221,0.7488891515612752,4.684054326133835e-05,1.0,0.0,0.0,9.768020613835285,9.958396346619049,0.748797344096483,0.7489809590260674,1.0,1.0
persistent,2.0,3,euclidean,60,0.2625691517808001,7.696759871190913e-06,125.72953319659842,0.10475029512818561,1.5386992022305546,0.0002683219793415993,2.0546420217104147,0.0003228673687943759,1.0,125.52422261814718,125.93484377504967,1.538173291151045,1.539225113310064,2.0540092016675775,2.055274841753252
persistent,2.0,3,cholesky,60,0.2625691517808001,7.696759871190913e-06,182.31971961522123,0.13177112645349554,1.9244500896569348,0.0003857914736052905,2.5697395974539368,0.0004914648198745894,0.0,182.0614482073724,182.57799102307007,1.9236939383686684,1.925206240945201,2.5687763264069825,2.570702868500891
persistent,2.0,3,log_euclidean,60,0.2625691517808001,7.696759871190913e-06,35.532247241998306,0.05820797954930849,0.9238651074856626,0.00019569035755745523,1.2336473426811645,0.0002501807097467613,0.0,35.41815960208166,35.64633488191495,0.92348155438485,0.9242486605864753,1.2331569884900608,1.2341376968722682
persistent,2.0,3,fixed,60,0.2625691517808001,7.696759871190913e-06,0.0,0.0,0.6816641306776909,0.00031449846921730934,0.9102333139046396,0.00040216551868183805,0.0,0.0,0.0,0.681047713678025,0.6822805476773569,0.9094450694880232,0.911021558321256
persistent,2.0,3,local,60,0.2625691517808001,7.696759871190913e-06,-17.71686166574025,0.014258093644085531,0.560896092589364,0.00032254025867840396,0.7489704176419375,0.000417241248745246,0.0,-17.744807529282657,-17.688915802197844,0.5602639136823544,0.5615282714963736,0.7481526247943968,0.7497882104894782
persistent,2.0,6,persistence,60,0.2625691517808001,7.696759871190913e-06,15.382622337479278,0.04320601614007741,2.693103537311089,0.0001507995926942587,1.0,0.0,0.0,15.297938545844726,15.46730612911383,2.6928079701094085,2.69339910451277,1.0,1.0
persistent,2.0,6,euclidean,60,0.2625691517808001,7.696759871190913e-06,45.24518441968265,0.057541519935317295,3.3901157940719653,0.000599288170278087,1.2588136974695163,0.00020449787047178273,1.0,45.13240304060943,45.35796579875587,3.38894118925822,3.3912903988857104,1.2584128816433917,1.259214513295641
persistent,2.0,6,cholesky,60,0.2625691517808001,7.696759871190913e-06,88.70355255398572,0.07133367079385906,4.404462354197093,0.0006220261620749476,1.635459525207365,0.00018496651463659444,0.0,88.56373855922975,88.84336654874168,4.403243182919426,4.405681525474759,1.6350969908386772,1.6358220595760526
persistent,2.0,6,log_euclidean,60,0.2625691517808001,7.696759871190913e-06,7.360981984707044,0.03545798319428244,2.505876994349209,0.0003637199373031663,0.9304792552996785,0.0001236352996387595,0.0,7.29148433764625,7.430479631767837,2.5051641032720946,2.5065898854263233,0.9302369301123865,0.9307215804869704
persistent,2.0,6,fixed,60,0.2625691517808001,7.696759871190913e-06,0.0,0.0,2.3340829838100006,0.000896658967106286,0.8666888053636765,0.0003244683030091621,0.0,0.0,0.0,2.332325532234472,2.335840435385529,0.8660528474897786,0.8673247632375745
persistent,2.0,6,local,60,0.2625691517808001,7.696759871190913e-06,-18.417400502825064,0.012910917761327944,1.904208053299547,0.0008866100446901792,0.7070681802718206,0.0003236167362959512,0.0,-18.442705901637268,-18.39209510401286,1.902470297611954,1.9059458089871397,0.7064338914686805,0.7077024690749607
mean_reverting,0.7,1,persistence,60,0.07752268146701545,2.3185835878420422e-06,124.68524105893681,0.01057374687500714,0.09868218139733019,8.549164639069572e-07,1.0,0.0,0.0,124.66451651506179,124.70596560281183,0.09868050576106094,0.09868385703359944,1.0,1.0
mean_reverting,0.7,1,euclidean,60,0.07752268146701545,2.3185835878420422e-06,28.242361394970715,0.015512132119271875,0.05632429591083325,7.544144667750445e-06,0.5707645931177515,7.525722688577361e-05,0.0,28.211957616016942,28.272765173924487,0.05630950938728446,0.05633908243438204,0.5706170889530554,0.5709120972824476
mean_reverting,0.7,1,cholesky,60,0.07752268146701545,2.3185835878420422e-06,17.141813891415666,0.004843248846788578,0.05144891448150819,3.8178761336330445e-06,0.5213597116793631,3.6413766745336404e-05,0.0,17.13232112367596,17.15130665915537,0.05144143144428627,0.051456397518730115,0.5212883406965423,0.521431082662184
mean_reverting,0.7,1,log_euclidean,60,0.07752268146701545,2.3185835878420422e-06,11.922877690749738,0.005428516128387014,0.04915674797852881,3.96475586831717e-06,0.49813194650657755,3.802803146351776e-05,0.0,11.912237799138099,11.933517582361377,0.04914897705702691,0.04916451890003071,0.49805741156490907,0.49820648144824603
mean_reverting,0.7,1,fixed,60,0.07752268146701545,2.3185835878420422e-06,0.0,0.0,0.04392019495435748,2.3424441571940584e-06,0.4450671196512681,2.0944506927010332e-05,0.0,0.0,0.0,0.043915603763809374,0.04392478614490558,0.44502606841769116,0.44510817088484506
mean_reverting,0.7,1,local,60,0.07752268146701545,2.3185835878420422e-06,6.785119398657783,0.0036099803076052274,0.046900233657611055,3.2274445154376276e-06,0.47526546417183296,3.0068084645336348e-05,0.0,6.778043837254877,6.792194960060689,0.0468939078663608,0.04690655944886131,0.4752065307259281,0.4753243976177378
mean_reverting,0.7,3,persistence,60,0.07752268146701545,2.3185835878420422e-06,143.29261460053667,0.009037528877715029,0.7450786333810459,3.193146267941069e-06,1.0,0.0,0.0,143.27490104393635,143.31032815713698,0.7450723748143607,0.745084891947731,1.0,1.0
mean_reverting,0.7,3,euclidean,60,0.07752268146701545,2.3185835878420422e-06,26.602824744866684,0.007136086787504395,0.38771856840443514,2.282738187535853e-05,0.520372683377822,3.031337518407051e-05,0.0,26.588838014763176,26.61681147497019,0.38767382673595946,0.3877633100729108,0.5203132691624612,0.5204320975931829
mean_reverting,0.7,3,cholesky,60,0.07752268146701545,2.3185835878420422e-06,25.55595799207723,0.002195632288704144,0.3845125643985527,1.1875969757506116e-05,0.5160697750038122,1.4458097168557412e-05,0.0,25.55165455279137,25.560261431363088,0.38448928749782796,0.3845358412992774,0.5160414371333618,0.5160981128742627
mean_reverting,0.7,3,log_euclidean,60,0.07752268146701545,2.3185835878420422e-06,26.463632727259473,0.009150716757409303,0.3872923314986509,3.603710436383128e-05,0.5198006109286892,4.765629922645404e-05,0.0,26.44569732241495,26.481568132103995,0.3872216987740978,0.387362964223204,0.5197072045822054,0.519894017275173
mean_reverting,0.7,3,fixed,60,0.07752268146701545,2.3185835878420422e-06,0.0,0.0,0.30624797210668137,1.2254030648390989e-05,0.41102771781066666,1.5264877231782435e-05,0.0,0.0,0.0,0.3062239542066105,0.3062719900067522,0.4109977986512924,0.41105763697004094
mean_reverting,0.7,3,local,60,0.07752268146701545,2.3185835878420422e-06,8.354962156198233,0.0035685874045815846,0.33183487936954953,1.8787307252147632e-05,0.4453689345268612,2.42061438651636e-05,0.0,8.347967724885253,8.361956587511214,0.3317980562473353,0.33187170249176373,0.4453214904848855,0.4454163785688369
mean_reverting,0.7,6,persistence,60,0.07752268146701545,2.3185835878420422e-06,133.0257158182961,0.008381903461768956,1.5915190842067843,1.0557603960078264e-05,1.0,0.0,0.0,133.00928728751103,133.04214434908118,1.5914983913030225,1.5915397771105462,1.0,1.0
mean_reverting,0.7,6,euclidean,60,0.07752268146701545,2.3185835878420422e-06,17.84108706954179,0.007424369671832895,0.8048311292606251,5.525863480757686e-05,0.505699952619379,3.3963209158810436e-05,0.0,17.826535304984997,17.85563883409858,0.8047228223364022,0.8049394361848479,0.5056333847294276,0.5057665205093302
mean_reverting,0.7,6,cholesky,60,0.07752268146701545,2.3185835878420422e-06,17.188233117060467,0.0014507759931223461,0.800372273795428,2.759203897672209e-05,0.5028983154463401,1.4517194052909865e-05,0.0,17.185389596113946,17.191076638006987,0.8003181933990335,0.8004263541918224,0.5028698617459965,0.5029267691466838
mean_reverting,0.7,6,log_euclidean,60,0.07752268146701545,2.3185835878420422e-06,16.613758453697542,0.001778324884357771,0.7964487292522989,2.9706585836393743e-05,0.5004330323062027,1.5888557841381087e-05,0.0,16.6102729369242,16.617243970470884,0.7963905043440596,0.7965069541605383,0.5004018907328336,0.5004641738795719
mean_reverting,0.7,6,fixed,60,0.07752268146701545,2.3185835878420422e-06,0.0,0.0,0.6829800812163902,2.8238983610510596e-05,0.4291372189609408,1.5434070935849976e-05,0.0,0.0,0.0,0.6829247328085136,0.6830354296242668,0.4291069681819065,0.4291674697399751
mean_reverting,0.7,6,local,60,0.07752268146701545,2.3185835878420422e-06,5.996286511095075,0.0032903339662613087,0.72393353473953,4.0886935963536805e-05,0.45486952218897897,2.3670841550119872e-05,0.0,5.989837456521203,6.002735565668948,0.7238533963450415,0.7240136731340185,0.4548231273395407,0.4549159170384172
mean_reverting,0.8,1,persistence,60,0.08859735024801955,2.64980981443381e-06,128.08808365001633,0.011452956147958639,0.1288910124373285,1.1166255855119151e-06,1.0,0.0,0.0,128.06563585596632,128.11053144406634,0.1288888238511809,0.12889320102347612,1.0,1.0
mean_reverting,0.8,1,euclidean,60,0.08859735024801955,2.64980981443381e-06,28.197854472239726,0.010955916218641936,0.07244373381306479,6.165080098014902e-06,0.5620541861643479,4.646133264271429e-05,0.0,28.176380876451187,28.219328068028265,0.07243165025607268,0.07245581737005691,0.5619631219523682,0.5621452503763276
mean_reverting,0.8,1,cholesky,60,0.08859735024801955,2.64980981443381e-06,27.137294194115917,0.0028966454611063478,0.0718444214292565,3.1100818308955786e-06,0.5574044237838697,2.0625600580587625e-05,0.0,27.131616769012147,27.142971619219686,0.07183832566886794,0.07185051718964505,0.5573639976067317,0.5574448499610076
mean_reverting,0.8,1,log_euclidean,60,0.08859735024801955,2.64980981443381e-06,18.967440436711527,0.0071690818303066514,0.06722769923337196,6.143123395983853e-06,0.5215856155271255,4.571664808948211e-05,0.0,18.953389036324126,18.98149183709893,0.06721565871151583,0.0672397397552281,0.52149601089687,0.5216752201573809
mean_reverting,0.8,1,fixed,60,0.08859735024801955,2.64980981443381e-06,0.0,0.0,0.05650932382538874,3.182279805139903e-06,0.43842717811051496,2.2013875689566122e-05,0.0,0.0,0.0,0.056503086556970665,0.05651556109380681,0.4383840309141634,0.4384703253068665
mean_reverting,0.8,1,local,60,0.08859735024801955,2.64980981443381e-06,9.13178574287971,0.004431831625023019,0.061669635833829055,4.662980990054717e-06,0.4784634196898636,3.3669584860129774e-05,0.0,9.123099352894666,9.140472132864755,0.061660496391088546,0.061678775276569564,0.47839742730353774,0.4785294120761895
mean_reverting,0.8,3,persistence,60,0.08859735024801955,2.64980981443381e-06,140.0059910399942,0.00973044826497197,0.9731639293140191,4.170640023324854e-06,1.0,0.0,0.0,139.98691936139485,140.02506271859355,0.9731557548595734,0.9731721037684647,1.0,1.0
mean_reverting,0.8,3,euclidean,60,0.08859735024801955,2.64980981443381e-06,21.366233883503487,0.008510397798578125,0.4921095794368084,3.510484335303773e-05,0.5056800444906965,3.5918542324489106e-05,0.0,21.349553503818274,21.3829142631887,0.49204077394383644,0.49217838492978033,0.5056096441477405,0.5057504448336525
mean_reverting,0.8,3,cholesky,60,0.08859735024801955,2.64980981443381e-06,18.145600139792258,0.002315243059456018,0.4790507293302736,1.721155523273186e-05,0.49226108015383435,1.6388651127896622e-05,0.0,18.141062263395725,18.15013801618879,0.4790169946820174,0.4790844639785298,0.49222895839762365,0.49229320191004505
mean_reverting,0.8,3,log_euclidean,60,0.08859735024801955,2.64980981443381e-06,18.889793672627217,0.0036012213643839947,0.48206824839720963,2.1075299438552147e-05,0.49536181064721024,2.0604659682644375e-05,0.0,18.882735278753024,18.89685206650141,0.48202694081031006,0.4821095559841092,0.49532142551423225,0.49540219578018824
mean_reverting,0.8,3,fixed,60,0.08859735024801955,2.64980981443381e-06,0.0,0.0,0.40547489055720054,1.750783846217378e-05,0.4166563062117392,1.6888125310865168e-05,0.0,0.0,0.0,0.40544057519381466,0.4055092059205864,0.4166232054861299,0.4166894069373485
mean_reverting,0.8,3,local,60,0.08859735024801955,2.64980981443381e-06,12.506094625568098,0.005436026643530057,0.45618397371037456,3.198584723348182e-05,0.46876374773282287,3.203937319545336e-05,0.0,12.495440013346778,12.516749237789417,0.4561212814497969,0.4562466659709522,0.4687009505613598,0.46882654490428594
mean_reverting,0.8,6,persistence,60,0.08859735024801955,2.64980981443381e-06,128.61672072141954,0.008906293740981426,2.078718803861923,1.378952353982133e-05,1.0,0.0,0.0,128.5992643856872,128.63417705715187,2.078691776395785,2.078745831328061,1.0,1.0
mean_reverting,0.8,6,euclidean,60,0.08859735024801955,2.64980981443381e-06,14.6027353967768,0.008676674887223273,1.0420361106265172,8.55524866637011e-05,0.5012876706175721,4.066416785685066e-05,0.1,14.585729113997843,14.619741679555759,1.0418684277526564,1.042203793500378,0.5012079688485727,0.5013673723865715
mean_reverting,0.8,6,cholesky,60,0.08859735024801955,2.64980981443381e-06,11.764737376525646,0.001658107879010157,1.0162313559399758,3.94042832796403e-05,0.4888738889689767,1.635008267981152e-05,0.0,11.761487485082787,11.767987267968506,1.0161541235447478,1.0163085883352039,0.4888418428069243,0.48890593513102915
mean_reverting,0.8,6,log_euclidean,60,0.08859735024801955,2.64980981443381e-06,9.907979926252867,0.002314571196468487,0.999348617504643,4.265815486832911e-05,0.480752184948348,1.809530949736635e-05,0.0,9.903443366707789,9.912516485797946,0.999265007521101,0.9994322274881849,0.48071671814173317,0.4807876517549628
mean_reverting,0.8,6,fixed,60,0.08859735024801955,2.64980981443381e-06,0.0,0.0,0.9092593955590254,4.001161329195375e-05,0.437413364329919,1.7037714216824022e-05,0.0,0.0,0.0,0.9091809727969731,0.9093378183210776,0.43737997041005405,0.43744675824978396
mean_reverting,0.8,6,local,60,0.08859735024801955,2.64980981443381e-06,10.303024236455537,0.00598577834906515,1.002940636980245,7.600968324228458e-05,0.4824801806369565,3.4993340004864055e-05,0.0,10.29129211089137,10.314756362019704,1.00279165800109,1.0030896159593998,0.482411593690547,0.48254876758336607
mean_reverting,0.9,1,persistence,60,0.0996720190290258,2.9810360410856076e-06,128.49034991592848,0.012152728805904931,0.1631276876159955,1.4132292567197585e-06,1.0,0.0,0.0,128.4665305674689,128.51416926438804,0.16312491768665233,0.16313045754533867,1.0,1.0
mean_reverting,0.9,1,euclidean,60,0.0996720190290258,2.9810360410856076e-06,26.789478844425577,0.013158492991429354,0.09051969237601871,9.39930262538473e-06,0.5549008436768431,5.651654530035067e-05,0.0,26.763688198162377,26.815269490688777,0.09050126974287297,0.09053811500916446,0.5547900712480545,0.5550116161056318
mean_reverting,0.9,1,cholesky,60,0.0996720190290258,2.9810360410856076e-06,22.060644577116566,0.0030043963699709383,0.08714360727610883,4.191524563737884e-06,0.5342048755776992,2.2461139530149967e-05,0.0,22.05475596023142,22.06653319400171,0.0871353918879639,0.08715182266425375,0.5341608517442201,0.5342488994111784
mean_reverting,0.9,1,log_euclidean,60,0.0996720190290258,2.9810360410856076e-06,26.0929162487789,0.09843537857364808,0.09002238082829653,7.005781827021088e-05,0.5518522432745558,0.0004293787966557484,0.0,25.899982906774547,26.28584959078325,0.08988506750448691,0.09015969415210615,0.5510106608331106,0.5526938257160011
mean_reverting,0.9,1,fixed,60,0.0996720190290258,2.9810360410856076e-06,0.0,0.0,0.07139370118760137,4.217496346986211e-06,0.4376553177247482,2.327648597609687e-05,0.0,0.0,0.0,0.07138543489476128,0.07140196748044146,0.437609695812235,0.43770093963726137
mean_reverting,0.9,1,local,60,0.0996720190290258,2.9810360410856076e-06,11.320281809720921,0.00524129122156196,0.07947567156802775,6.480901378629834e-06,0.48719914503617967,3.7357666901324456e-05,0.0,11.31000887892666,11.330554740515183,0.07946296900132563,0.07948837413472987,0.4871259240090531,0.48727236606330626
mean_reverting,0.9,3,persistence,60,0.0996720190290258,2.9810360410856076e-06,134.03400215769736,0.010353374427143283,1.2316605980380548,5.278466279374434e-06,1.0,0.0,0.0,134.01370954382017,134.05429477157455,1.2316502522441473,1.2316709438319624,1.0,1.0
mean_reverting,0.9,3,euclidean,60,0.0996720190290258,2.9810360410856076e-06,17.401600815076904,0.010586530305750337,0.6178543925808291,5.738324912170357e-05,0.5016433844460336,4.628880467166267e-05,1.0,17.380851215677634,17.422350414476174,0.6177419214125506,0.6179668637491076,0.5015526583888772,0.5017341105031901
mean_reverting,0.9,3,cholesky,60,0.0996720190290258,2.9810360410856076e-06,13.624411756517578,0.0027995640296397755,0.5979760325454085,2.5754057049601528e-05,0.4855039046379208,1.981667966645857e-05,0.0,13.618924611019484,13.629898902015672,0.5979255545935913,0.5980265104972258,0.48546506394577454,0.4855427453300671
mean_reverting,0.9,3,log_euclidean,60,0.0996720190290258,2.9810360410856076e-06,13.07888738758051,0.005628342947199982,0.5951050784575683,3.63886662768083e-05,0.48317294303979386,2.8907696246153155e-05,0.0,13.067855835403998,13.089918939757021,0.5950337566716658,0.5951764002434708,0.4831162839551514,0.48322960212443633
mean_reverting,0.9,3,fixed,60,0.0996720190290258,2.9810360410856076e-06,0.0,0.0,0.526274274752769,2.454720858116667e-05,0.4272883881051088,1.8897877820821094e-05,0.0,0.0,0.0,0.5262261622239499,0.5263223872815881,0.42725134826457994,0.4273254279456376
mean_reverting,0.9,3,local,60,0.0996720190290258,2.9810360410856076e-06,16.794326685274804,0.00769747830450587,0.6146585124422571,5.3022274080323224e-05,0.4990486092438638,4.2363736220382016e-05,0.0,16.779239627797974,16.809413742751634,0.6145545887850596,0.6147624360994546,0.49896557632087185,0.49913164216685574
mean_reverting,0.9,6,persistence,60,0.0996720190290258,2.9810360410856076e-06,121.86187801310918,0.009433626849253198,2.6308784861377457,1.745236573006219e-05,1.0,0.0,0.0,121.84338810448465,121.88036792173371,2.6308442795009146,2.6309126927745767,1.0,1.0
mean_reverting,0.9,6,euclidean,60,0.0996720190290258,2.9810360410856076e-06,11.572607345042647,0.009689604733258929,1.323048377090367,0.00012342825659732138,0.5028922381553483,4.631749223704719e-05,1.0,11.553615719765459,11.591598970319835,1.322806457707436,1.3232902964732978,0.5028014558705637,0.502983020440133
mean_reverting,0.9,6,cholesky,60,0.0996720190290258,2.9810360410856076e-06,8.394505578873806,0.0021797437125689696,1.2853618833709792,5.8102856799379526e-05,0.4885675549487887,1.972134010884248e-05,0.0,8.39023328119717,8.398777876550442,1.2852480017716525,1.285475764970306,0.48852890112217534,0.488606208775402
mean_reverting,0.9,6,log_euclidean,60,0.0996720190290258,2.9810360410856076e-06,5.037153565172347,0.0035960064600728567,1.245549792251656,6.713144715974602e-05,0.47343493260558905,2.3644820517221258e-05,0.0,5.030105392510604,5.04420173783409,1.245418214615223,1.245681369888089,0.4733885887573753,0.47348127645380284
mean_reverting,0.9,6,fixed,60,0.0996720190290258,2.9810360410856076e-06,0.0,0.0,1.185818320571584,5.595325745469321e-05,0.4507309302551782,1.9161547700685845e-05,0.0,0.0,0.0,1.1857086521869729,1.1859279889561951,0.4506933736216848,0.45076848688867155
mean_reverting,0.9,6,local,60,0.0996720190290258,2.9810360410856076e-06,15.092595287782927,0.09737964221567941,1.3647892412703835,0.0011597397023424105,0.5187579833169533,0.00044062719118885345,0.0,14.901731189040197,15.283459386525658,1.3625161514537925,1.3670623310869745,0.5178943540222232,0.5196216126116835
mean_reverting,1.0,1,persistence,60,0.11074668781002778,3.3122622678407688e-06,126.91291158635386,0.012705093331836928,0.20139220693332563,1.7447274773481103e-06,1.0,0.0,0.0,126.88800960342346,126.93781356928426,0.20138878726747003,0.20139562659918123,1.0,1.0
mean_reverting,1.0,1,euclidean,60,0.11074668781002778,3.3122622678407688e-06,27.627897317829262,0.02310224764229936,0.11327369934213774,1.9958826802211457e-05,0.5624532373316489,9.870608580354785e-05,0.18333333333333332,27.582616912450355,27.67317772320817,0.1132345800416054,0.11331281864267008,0.5622597734034739,0.5626467012598239
mean_reverting,1.0,1,cholesky,60,0.11074668781002778,3.3122622678407688e-06,19.942811861265,0.0036067571040372054,0.10645296118473484,5.977132819991152e-06,0.5285852972381755,2.6751621299848607e-05,0.0,19.935742617341088,19.94988110518891,0.10644124600440766,0.10646467636506202,0.5285328640604278,0.5286377304159232
mean_reverting,1.0,1,log_euclidean,60,0.11074668781002778,3.3122622678407688e-06,24.581293353102684,0.008013448390873076,0.11056975822286304,9.048490920997962e-06,0.5490269854950107,4.261622330300025e-05,0.0,24.565586994256574,24.596999711948794,0.11055202318065788,0.1105874932650682,0.5489434576973369,0.5491105132926846
mean_reverting,1.0,1,fixed,60,0.11074668781002778,3.3122622678407688e-06,0.0,0.0,0.08875310191827145,5.470766059319842e-06,0.4406977892813223,2.467380500024176e-05,0.0,0.0,0.0,0.08874237921679518,0.08876382461974772,0.44064942862352185,0.44074614993912276
mean_reverting,1.0,1,local,60,0.11074668781002778,3.3122622678407688e-06,13.133706165126936,0.006057761249989749,0.10040967620172327,8.734246910178867e-06,0.49857775398002135,4.1163444339671095e-05,0.0,13.121832953076956,13.145579377176917,0.10039255707777932,0.10042679532566721,0.4984970736291156,0.4986584343309271
mean_reverting,1.0,3,persistence,60,0.11074668781002778,3.3122622678407688e-06,126.58623322837363,0.010912337409129802,1.5205686395531552,6.516625036489927e-06,1.0,0.0,0.0,126.56484504705173,126.60762140969553,1.5205558669680836,1.5205814121382268,1.0,1.0
mean_reverting,1.0,3,euclidean,60,0.11074668781002778,3.3122622678407688e-06,13.444200689240628,0.01023044481410114,0.7612982621719019,6.86295329596977e-05,0.5006668173407466,4.497687019350072e-05,1.0,13.42414901740499,13.464252361076266,0.7611637482873008,0.761432776056503,0.5005786626751674,0.5007549720063258
mean_reverting,1.0,3,cholesky,60,0.11074668781002778,3.3122622678407688e-06,12.061669394166396,0.0044451780868545445,0.752020447985658,4.345595716445791e-05,0.49456527304603914,2.779927091212803e-05,0.0,12.05295684511616,12.070381943216631,0.7519352743096157,0.7521056216617004,0.49451078647505137,0.4946197596170269
mean_reverting,1.0,3,log_euclidean,60,0.11074668781002778,3.3122622678407688e-06,9.477354395053217,0.009925270698162226,0.7346776932676472,7.291605448216818e-05,0.48315983403682317,4.7712693324256886e-05,0.0,9.457900864484818,9.496807925621615,0.7345347778008622,0.7348206087344322,0.4830663171579076,0.48325335091573873
mean_reverting,1.0,3,fixed,60,0.11074668781002778,3.3122622678407688e-06,0.0,0.0,0.6710773354534628,3.3783246388387406e-05,0.4413331395114575,2.1249087540523264e-05,0.0,0.0,0.0,0.6710111202905416,0.6711435506163841,0.44129149129987805,0.4413747877230369
mean_reverting,1.0,3,local,60,0.11074668781002778,3.3122622678407688e-06,20.663267935079165,0.010014506504218786,0.8097438705654671,8.321978910319116e-05,0.5325270063477433,5.4136403328078284e-05,0.0,20.643639502330895,20.682896367827436,0.8095807597788249,0.8099069813521094,0.5324208989972202,0.5326331136982664
mean_reverting,1.0,6,persistence,60,0.11074668781002778,3.3122622678407688e-06,113.72921005538414,0.009976956519788983,3.247998131034255,2.1546130530617053e-05,1.0,0.0,0.0,113.70965522060536,113.74876489016293,3.247955900618415,3.248040361450095,1.0,1.0
mean_reverting,1.0,6,euclidean,60,0.11074668781002778,3.3122622678407688e-06,8.183914362763556,0.010083726832794631,1.6440484999258131,0.0001642291345197905,0.5061728570789715,5.012832406642556e-05,1.0,8.164150258171277,8.203678467355834,1.6437266108221544,1.6443703890294719,0.5060746055638013,0.5062711085941417
mean_reverting,1.0,6,cholesky,60,0.11074668781002778,3.3122622678407688e-06,7.465440658216747,0.0037246470236029453,1.6331300553069508,9.738112588542136e-05,0.5028112610745651,2.8066459233089943e-05,0.0,7.458140350050485,7.472740966383009,1.6329391883002153,1.6333209223136862,0.5027562508144682,0.502866271334662
mean_reverting,1.0,6,log_euclidean,60,0.11074668781002778,3.3122622678407688e-06,1.9437691497778842,0.007515691427439812,1.5492183672170856,0.0001387811116986046,0.4769763679976384,4.170144360671813e-05,0.0,1.9290383945801022,1.9584999049756662,1.5489463562381562,1.549490378196015,0.4768946331681692,0.47705810282710753
mean_reverting,1.0,6,fixed,60,0.11074668781002778,3.3122622678407688e-06,0.0,0.0,1.519679309790564,7.740391088414276e-05,0.46788182498668557,2.183621175976473e-05,0.0,0.0,0.0,1.5195275981252312,1.519831021455897,0.4678390260116364,0.46792462396173473
mean_reverting,1.0,6,local,60,0.11074668781002778,3.3122622678407688e-06,5.353503930146629,0.0037553522493353948,1.601035318243093,7.346168499951797e-05,0.4929298707661616,2.004399990654333e-05,0.0,5.346143439737932,5.360864420555326,1.600891333340494,1.601179303145692,0.4928905845263448,0.49296915700597843
