origin,horizon,window_length,ridge,validation_raw_rmse,validation_w2,n_validation_targets,validation_target_start,validation_target_stop
0,3,24,1e-06,0.556608051601182,33.16000187683855,54,127,181
0,3,24,0.0001,0.5542976712603239,32.81866605231459,54,127,181
0,3,24,0.001,0.5338488457665567,30.087278834506808,54,127,181
0,3,24,0.01,0.4216578882122544,19.762897887566687,54,127,181
0,3,24,0.1,0.3432823745813407,14.462322646663843,54,127,181
0,3,24,1.0,0.34613917401661565,14.366688663340286,54,127,181
0,3,24,10.0,0.34614738494026087,14.289140526363802,54,127,181
0,3,48,1e-06,0.6696157292859272,37.340985783526435,54,127,181
0,3,48,0.0001,0.6617491531694564,36.209461268270935,54,127,181
0,3,48,0.001,0.5879272730113245,28.90127077153917,54,127,181
0,3,48,0.01,0.3762125553444675,15.51438750814826,54,127,181
0,3,48,0.1,0.33500402457869394,13.615138248534903,54,127,181
0,3,48,1.0,0.3790468328608405,15.507550307781901,54,127,181
0,3,48,10.0,0.4100276143151296,16.796890769923035,54,127,181
0,3,72,1e-06,0.8072842696956068,51.71000535826275,54,127,181
0,3,72,0.0001,0.7885294152348323,48.940585867846316,54,127,181
0,3,72,0.001,0.607279527189864,30.9915984251131,54,127,181
0,3,72,0.01,0.38752841193445314,16.825649664442118,54,127,181
0,3,72,0.1,0.35486253845334587,14.859256871896857,54,127,181
0,3,72,1.0,0.4117764953236898,17.24340146813222,54,127,181
0,3,72,10.0,0.49620843320043223,21.663634601292966,54,127,181
0,4,24,1e-06,0.5566060359157272,33.16074517443001,54,127,181
0,4,24,0.0001,0.5540855383922724,32.88571923268486,54,127,181
0,4,24,0.001,0.5301503907862203,30.1892165702461,54,127,181
0,4,24,0.01,0.4003371849816291,17.74717901110899,54,127,181
0,4,24,0.1,0.3263928212981331,12.894540128612746,54,127,181
0,4,24,1.0,0.3434051321613593,13.975357108423147,54,127,181
0,4,24,10.0,0.3451814042392922,14.083920143733517,54,127,181
0,4,48,1e-06,0.6694086838215376,37.32583150537211,54,127,181
0,4,48,0.0001,0.6439753032204565,34.881581268945055,54,127,181
0,4,48,0.001,0.5439576041176214,25.6739161509121,54,127,181
0,4,48,0.01,0.3689827659609336,14.720452842425528,54,127,181
0,4,48,0.1,0.3328341454828226,13.12454901277233,54,127,181
0,4,48,1.0,0.39283587810113973,16.030226960182777,54,127,181
0,4,48,10.0,0.41810411920011625,17.144327100063204,54,127,181
0,4,72,1e-06,0.8067429893479469,51.66262919260726,54,127,181
0,4,72,0.0001,0.7531974750507907,45.93808826857688,54,127,181
0,4,72,0.001,0.5752654150833783,28.742779958576147,54,127,181
0,4,72,0.01,0.3749668453497773,15.670539536748505,54,127,181
0,4,72,0.1,0.35429908322849935,14.594349575962577,54,127,181
0,4,72,1.0,0.4351875198890422,18.32100532729852,54,127,181
0,4,72,10.0,0.5075362590518979,22.32438234577361,54,127,181
0,5,24,1e-06,0.5566005663202002,33.159286921536626,54,127,181
0,5,24,0.0001,0.5535517876537954,32.75332607946451,54,127,181
0,5,24,0.001,0.5271432883923797,29.682256142215913,54,127,181
0,5,24,0.01,0.40145322862052324,18.015837979459846,54,127,181
0,5,24,0.1,0.3323986057557191,13.1855243953338,54,127,181
0,5,24,1.0,0.3422589330811656,13.705766473639184,54,127,181
0,5,24,10.0,0.34309151212393013,13.756810593067941,54,127,181
0,5,48,1e-06,0.6695888759887008,37.338555487413636,54,127,181
0,5,48,0.0001,0.6559886607836879,35.72619097223747,54,127,181
0,5,48,0.001,0.5495688981532494,26.070649881250983,54,127,181
0,5,48,0.01,0.38004982946058685,15.29223183459147,54,127,181
0,5,48,0.1,0.35473131844945677,14.179498856361738,54,127,181
0,5,48,1.0,0.4085677411806496,16.69127638820182,54,127,181
0,5,48,10.0,0.42689238911812744,17.565000016938743,54,127,181
0,5,72,1e-06,0.807227161587196,51.704212532462606,54,127,181
0,5,72,0.0001,0.7730295299756953,47.49573818571886,54,127,181
0,5,72,0.001,0.5828132183275679,29.17806236392424,54,127,181
0,5,72,0.01,0.3898804141947726,16.443498191737845,54,127,181
0,5,72,0.1,0.37518471563393985,15.590247455528708,54,127,181
0,5,72,1.0,0.4601337614862833,19.49938896159462,54,127,181
0,5,72,10.0,0.5157267491904582,22.77875171392458,54,127,181
1,3,24,1e-06,0.5689238028692193,34.8887412631245,54,170,224
1,3,24,0.0001,0.5657734604733775,34.47349160736442,54,170,224
1,3,24,0.001,0.538913664062453,31.24482777579903,54,170,224
1,3,24,0.01,0.4206597011123588,20.66850155758275,54,170,224
1,3,24,0.1,0.3518879957661933,16.0801835952252,54,170,224
1,3,24,1.0,0.3678231352959091,16.509715449701588,54,170,224
1,3,24,10.0,0.37031235702185555,16.517334487190013,54,170,224
1,3,48,1e-06,0.47333893197859617,24.51395744823069,54,170,224
1,3,48,0.0001,0.4650271250054682,23.469830441781298,54,170,224
1,3,48,0.001,0.41165729055158584,18.723277422866744,54,170,224
1,3,48,0.01,0.33215863817786195,14.65524337243756,54,170,224
1,3,48,0.1,0.3349594925454761,14.715698872569165,54,170,224
1,3,48,1.0,0.3620595986118321,15.813262241432199,54,170,224
1,3,48,10.0,0.36496327630994946,15.827157794208453,54,170,224
1,3,72,1e-06,0.7081577967723184,43.65274754483103,54,170,224
1,3,72,0.0001,0.6758840525020816,39.647926736585745,54,170,224
1,3,72,0.001,0.49218035240994584,24.109488538103204,54,170,224
1,3,72,0.01,0.35611941080770904,16.071425010898544,54,170,224
1,3,72,0.1,0.3578198832007765,15.704428578110777,54,170,224
1,3,72,1.0,0.39023455321775924,17.07722655581653,54,170,224
1,3,72,10.0,0.40566582971763754,17.688548065617415,54,170,224
1,4,24,1e-06,0.5689356327387209,34.890419491393736,54,170,224
1,4,24,0.0001,0.5668686473865682,34.6267563547047,54,170,224
1,4,24,0.001,0.5427948189833435,31.812503571698745,54,170,224
1,4,24,0.01,0.39842610360394687,18.768443333029044,54,170,224
1,4,24,0.1,0.3400770489832809,14.87002979625589,54,170,224
1,4,24,1.0,0.363654239095624,16.065425055756982,54,170,224
1,4,24,10.0,0.365520185120944,16.172959325621534,54,170,224
1,4,48,1e-06,0.4732459578036058,24.508923857113846,54,170,224
1,4,48,0.0001,0.45682511284778354,23.02107719795354,54,170,224
1,4,48,0.001,0.3907209407801282,17.563378997340614,54,170,224
1,4,48,0.01,0.3266623487175881,14.054785602755,54,170,224
1,4,48,0.1,0.3404122595891792,14.614350932273744,54,170,224
1,4,48,1.0,0.3642259612414698,15.813284717280146,54,170,224
1,4,48,10.0,0.3663098407560287,15.86824805122751,54,170,224
1,4,72,1e-06,0.7078216538280206,43.634360814963934,54,170,224
1,4,72,0.0001,0.6563109584088792,38.56144821073061,54,170,224
1,4,72,0.001,0.4706530243339382,22.481988601505876,54,170,224
1,4,72,0.01,0.3501043077434623,15.344892144605486,54,170,224
1,4,72,0.1,0.3636611207911841,15.629935703351029,54,170,224
1,4,72,1.0,0.3962165123639783,17.260135707638128,54,170,224
1,4,72,10.0,0.4090342470220473,17.83339870439107,54,170,224
1,5,24,1e-06,0.5689250328675116,34.88889953597951,54,170,224
1,5,24,0.0001,0.5659299779499476,34.49466734890486,54,170,224
1,5,24,0.001,0.5410016713903053,31.52989447239788,54,170,224
1,5,24,0.01,0.41220334452570817,19.71702781877496,54,170,224
1,5,24,0.1,0.3504811803387548,15.253597475445297,54,170,224
1,5,24,1.0,0.35718654865468175,15.61563838304551,54,170,224
1,5,24,10.0,0.3575487548922576,15.65487294301723,54,170,224
1,5,48,1e-06,0.4733100440883373,24.511648329368754,54,170,224
1,5,48,0.0001,0.4606204741012834,23.169080072271907,54,170,224
1,5,48,0.001,0.3917847967707396,17.514295037729138,54,170,224
1,5,48,0.01,0.345801591801393,14.919080186777672,54,170,224
1,5,48,0.1,0.35685952712715724,15.441359770998847,54,170,224
1,5,48,1.0,0.36690616109873747,15.912886357914488,54,170,224
1,5,48,10.0,0.36892816784998916,15.980721104762997,54,170,224
1,5,72,1e-06,0.7081941677638129,43.6544819129686,54,170,224
1,5,72,0.0001,0.6692175680698215,39.191058579816065,54,170,224
1,5,72,0.001,0.482857320808221,23.18223548271356,54,170,224
1,5,72,0.01,0.36408553300714347,15.970597490854898,54,170,224
1,5,72,0.1,0.37206286624560875,16.092431862847135,54,170,224
1,5,72,1.0,0.3988691749760199,17.306676882990867,54,170,224
1,5,72,10.0,0.41091702318271295,17.86692738721127,54,170,224
2,3,24,1e-06,0.6023510918242437,41.592217861780235,54,213,267
2,3,24,0.0001,0.5995685809099823,41.13588641960129,54,213,267
2,3,24,0.001,0.5734891316058733,37.344760511715585,54,213,267
2,3,24,0.01,0.46054636970861557,24.95767025239616,54,213,267
2,3,24,0.1,0.40013623254514097,20.276668037313677,54,213,267
2,3,24,1.0,0.409022813226166,20.505604345382206,54,213,267
2,3,24,10.0,0.4041228043415813,19.966273292390557,54,213,267
2,3,48,1e-06,0.45944176790118096,26.98116437511828,54,213,267
2,3,48,0.0001,0.4500814530138547,25.743405015532517,54,213,267
2,3,48,0.001,0.4077759704437277,21.073960612721045,54,213,267
2,3,48,0.01,0.3656646189600322,18.221732437896733,54,213,267
2,3,48,0.1,0.37287410550918126,18.307331517647523,54,213,267
2,3,48,1.0,0.3965158276878177,19.27671225200707,54,213,267
2,3,48,10.0,0.39273482972168533,18.798468102368524,54,213,267
2,3,72,1e-06,0.5577012954228655,36.48066542259767,54,213,267
2,3,72,0.0001,0.5359107706349168,33.26260334749384,54,213,267
2,3,72,0.001,0.4335996096966615,23.00599229407873,54,213,267
2,3,72,0.01,0.37644585662241875,18.94883601433819,54,213,267
2,3,72,0.1,0.3844484100853497,18.87588435537077,54,213,267
2,3,72,1.0,0.4066338921992226,20.006710684891328,54,213,267
2,3,72,10.0,0.40345512307892006,19.57769524384705,54,213,267
2,4,24,1e-06,0.6023700306595408,41.5944326460986,54,213,267
2,4,24,0.0001,0.6013378593521621,41.34376068540014,54,213,267
2,4,24,0.001,0.5809765556705418,38.22532633875531,54,213,267
2,4,24,0.01,0.42941598726890035,22.156920647181906,54,213,267
2,4,24,0.1,0.37053585102868447,17.556005220428798,54,213,267
2,4,24,1.0,0.39888919385330107,19.50183770762275,54,213,267
2,4,24,10.0,0.39939237661033866,19.497662761320285,54,213,267
2,4,48,1e-06,0.4594073623249506,26.977788452893694,54,213,267
2,4,48,0.0001,0.4456653273299335,25.345774011403847,54,213,267
2,4,48,0.001,0.3803870998746242,18.968861322227667,54,213,267
2,4,48,0.01,0.3399972848606115,15.900658013369972,54,213,267
2,4,48,0.1,0.35947080767186246,16.588309261232844,54,213,267
2,4,48,1.0,0.391816569629474,18.753836766888963,54,213,267
2,4,48,10.0,0.3914688058748662,18.688141621848462,54,213,267
2,4,72,1e-06,0.5576878266057206,36.480597777223586,54,213,267
2,4,72,0.0001,0.534350299460557,33.26751536429562,54,213,267
2,4,72,0.001,0.4209295222502306,21.603357157559028,54,213,267
2,4,72,0.01,0.3566658263665763,16.7674488966089,54,213,267
2,4,72,0.1,0.3775669591950927,17.77017268800383,54,213,267
2,4,72,1.0,0.4041717524276854,19.674733679677995,54,213,267
2,4,72,10.0,0.40318600241688957,19.554078064223997,54,213,267
2,5,24,1e-06,0.6023401107870229,41.59100787976489,54,213,267
2,5,24,0.0001,0.5986483210823673,41.035572003200805,54,213,267
2,5,24,0.001,0.5711298232456571,37.10389454018224,54,213,267
2,5,24,0.01,0.43860651606345324,22.85615874315158,54,213,267
2,5,24,0.1,0.37761499712247093,17.817001460694684,54,213,267
2,5,24,1.0,0.3904764464534808,18.724078139525236,54,213,267
2,5,24,10.0,0.3909141646002107,18.76523940182442,54,213,267
2,5,48,1e-06,0.45939804907656373,26.97640895605257,54,213,267
2,5,48,0.0001,0.44557735148963795,25.283904479431946,54,213,267
2,5,48,0.001,0.37826327172749996,18.45313313123634,54,213,267
2,5,48,0.01,0.34723566580969334,15.903030371325283,54,213,267
2,5,48,0.1,0.375025342375976,17.413319575342584,54,213,267
2,5,48,1.0,0.3915429445194005,18.67442684240164,54,213,267
2,5,48,10.0,0.39189415052687243,18.714858809769627,54,213,267
2,5,72,1e-06,0.5576147764253062,36.47443722569298,54,213,267
2,5,72,0.0001,0.5312578415726817,32.92248606288282,54,213,267
2,5,72,0.001,0.4217211544394314,21.75416977558559,54,213,267
2,5,72,0.01,0.36204963911018345,17.04657822277841,54,213,267
2,5,72,0.1,0.3867797581689492,18.27216988663671,54,213,267
2,5,72,1.0,0.40134709133313745,19.418443883289005,54,213,267
2,5,72,10.0,0.40128788203493776,19.422905187855584,54,213,267
3,3,24,1e-06,0.6690747059772021,45.02660048963739,54,256,310
3,3,24,0.0001,0.6658819352314389,44.50809179575778,54,256,310
3,3,24,0.001,0.6372884434868937,40.301960786848625,54,256,310
3,3,24,0.01,0.48678865861132653,23.92167917227812,54,256,310
3,3,24,0.1,0.38572273615551395,16.224367812766438,54,256,310
3,3,24,1.0,0.3968817886583744,16.712537340432256,54,256,310
3,3,24,10.0,0.4008928109067085,16.77328437158331,54,256,310
3,3,48,1e-06,0.657396692438552,39.03091712643676,54,256,310
3,3,48,0.0001,0.6478294607219829,37.33349837620823,54,256,310
3,3,48,0.001,0.5397048863288565,26.075754012674754,54,256,310
3,3,48,0.01,0.3883610423923644,16.307842699490944,54,256,310
3,3,48,0.1,0.3866922771954818,16.09204544078776,54,256,310
3,3,48,1.0,0.43711422301971287,18.259589251399294,54,256,310
3,3,48,10.0,0.46278725033232887,19.239030711412507,54,256,310
3,3,72,1e-06,0.7187501733644952,45.679686119601186,54,256,310
3,3,72,0.0001,0.6890685961650166,40.961844329774706,54,256,310
3,3,72,0.001,0.4925275449555176,22.92009764760592,54,256,310
3,3,72,0.01,0.3794779393024108,16.12725688871776,54,256,310
3,3,72,0.1,0.39069676903415357,16.19468935389968,54,256,310
3,3,72,1.0,0.46485790176268743,19.60737284187189,54,256,310
3,3,72,10.0,0.5109688669822096,21.992464192708752,54,256,310
3,4,24,1e-06,0.6690705996075507,45.02684868364922,54,256,310
3,4,24,0.0001,0.6654706215268242,44.52656523946339,54,256,310
3,4,24,0.001,0.631639158631672,39.947106817333,54,256,310
3,4,24,0.01,0.4673777329476407,22.006260358972035,54,256,310
3,4,24,0.1,0.3768815695124043,14.998982155624462,54,256,310
3,4,24,1.0,0.3988510886673761,16.41911832449317,54,256,310
3,4,24,10.0,0.4027228625715978,16.64727936469029,54,256,310
3,4,48,1e-06,0.6570965356930073,39.00461761228276,54,256,310
3,4,48,0.0001,0.6262299090217154,35.493242447486075,54,256,310
3,4,48,0.001,0.5236891285850025,24.7484369148179,54,256,310
3,4,48,0.01,0.3935460519771396,15.983785778778234,54,256,310
3,4,48,0.1,0.3982652846107814,15.917512404556602,54,256,310
3,4,48,1.0,0.45436915436472197,18.89358896326758,54,256,310
3,4,48,10.0,0.4703062351947744,19.603065192126014,54,256,310
3,4,72,1e-06,0.7181420573960634,45.63244908463884,54,256,310
3,4,72,0.0001,0.6600297477750794,38.59247980959906,54,256,310
3,4,72,0.001,0.48818013464300614,21.819026397670914,54,256,310
3,4,72,0.01,0.38289690098121415,15.547205339653067,54,256,310
3,4,72,0.1,0.40937111452158875,16.483876799600996,54,256,310
3,4,72,1.0,0.4876510429715964,20.669597640952812,54,256,310
3,4,72,10.0,0.5169925075630691,22.34171595589769,54,256,310
3,5,24,1e-06,0.6690643231022534,45.02511882081398,54,256,310
3,5,24,0.0001,0.6648415895292622,44.366954073330604,54,256,310
3,5,24,0.001,0.6276142124356519,39.238550182146625,54,256,310
3,5,24,0.01,0.4618800286177488,21.44235960043449,54,256,310
3,5,24,0.1,0.386670348662901,15.365680432880698,54,256,310
3,5,24,1.0,0.40124880857592077,16.28159598259508,54,256,310
3,5,24,10.0,0.40289471056808773,16.401057020480188,54,256,310
3,5,48,1e-06,0.6572827236695546,39.018789861820906,54,256,310
3,5,48,0.0001,0.6345717394505416,36.01916643166489,54,256,310
3,5,48,0.001,0.5144069300761562,23.559035067703118,54,256,310
3,5,48,0.01,0.4007326382526899,15.826901042865234,54,256,310
3,5,48,0.1,0.42150194778015837,16.83993436251162,54,256,310
3,5,48,1.0,0.46753627537031844,19.479702733825928,54,256,310
3,5,48,10.0,0.4786056368939035,20.075428281565866,54,256,310
3,5,72,1e-06,0.7185900661985934,45.667247592955135,54,256,310
3,5,72,0.0001,0.6714758783552026,39.49002627719175,54,256,310
3,5,72,0.001,0.49216729770183604,21.86180367921781,54,256,310
3,5,72,0.01,0.3969021918829379,15.873382327320344,54,256,310
3,5,72,0.1,0.43382126809409954,17.506000304890254,54,256,310
3,5,72,1.0,0.501692032042804,21.337092344745777,54,256,310
3,5,72,10.0,0.5207095231609018,22.52885968489182,54,256,310
4,3,24,1e-06,0.533248508600338,26.866066320726517,54,299,353
4,3,24,0.0001,0.5314248898043257,26.55758714207302,54,299,353
4,3,24,0.001,0.5104204461880182,23.883445762673812,54,299,353
4,3,24,0.01,0.36476081596166743,12.60831753789138,54,299,353
4,3,24,0.1,0.28035047907882504,8.212982297406041,54,299,353
4,3,24,1.0,0.29311144403113465,8.891901721246622,54,299,353
4,3,24,10.0,0.3078310155507439,9.575748159447016,54,299,353
4,3,48,1e-06,0.8114238662483447,50.03723752817781,54,299,353
4,3,48,0.0001,0.7946918861144072,47.47773495732523,54,299,353
4,3,48,0.001,0.570100123680975,25.4531656611203,54,299,353
4,3,48,0.01,0.31279568793335705,9.63059511790593,54,299,353
4,3,48,0.1,0.2866417404642674,8.339948031646797,54,299,353
4,3,48,1.0,0.35675868825686563,11.553622522566654,54,299,353
4,3,48,10.0,0.4506896533177231,16.174632326740678,54,299,353
4,3,72,1e-06,1.0298807768852303,79.10690970014532,54,299,353
4,3,72,0.0001,0.9199777103581585,61.973729542997546,54,299,353
4,3,72,0.001,0.4688789579520137,18.39575131329949,54,299,353
4,3,72,0.01,0.304389969607173,9.313546888360044,54,299,353
4,3,72,0.1,0.30031448851691145,9.016798723139127,54,299,353
4,3,72,1.0,0.39427874517041994,13.458991056296988,54,299,353
4,3,72,10.0,0.5875397678546667,24.746391637117053,54,299,353
4,4,24,1e-06,0.5332225143369528,26.86486056716016,54,299,353
4,4,24,0.0001,0.5290115678763909,26.442495760810612,54,299,353
4,4,24,0.001,0.4984911045436056,23.206033314362827,54,299,353
4,4,24,0.01,0.3663660823630903,12.481351922274959,54,299,353
4,4,24,0.1,0.29564100114844494,8.743567839018555,54,299,353
4,4,24,1.0,0.3071753099939305,9.519228046105216,54,299,353
4,4,24,10.0,0.31624291206856414,9.908166131416282,54,299,353
4,4,48,1e-06,0.8107107182001416,49.96549060438293,54,299,353
4,4,48,0.0001,0.7536203712597702,43.47825644525511,54,299,353
4,4,48,0.001,0.5708795631564927,25.49347903527044,54,299,353
4,4,48,0.01,0.3434172699917692,10.793675190448244,54,299,353
4,4,48,0.1,0.3231078568167781,9.774979931166078,54,299,353
4,4,48,1.0,0.3986542145460621,13.65624750607019,54,299,353
4,4,48,10.0,0.4680790192749628,17.182761819856374,54,299,353
4,4,72,1e-06,1.0275376460355576,78.80357180242943,54,299,353
4,4,72,0.0001,0.8753387728738999,57.1602007981049,54,299,353
4,4,72,0.001,0.5019047306064434,20.46501700989413,54,299,353
4,4,72,0.01,0.3389003622947405,10.728598241168763,54,299,353
4,4,72,0.1,0.33874307295758804,10.723607793730332,54,299,353
4,4,72,1.0,0.44939946713256174,16.4101402841772,54,299,353
4,4,72,10.0,0.6097822165758985,26.373441876989347,54,299,353
4,5,24,1e-06,0.5332401685823692,26.865491523636493,54,299,353
4,5,24,0.0001,0.5304344017785737,26.492383840500725,54,299,353
4,5,24,0.001,0.502479004539242,23.41009828382785,54,299,353
4,5,24,0.01,0.3783962579127251,13.259599201934448,54,299,353
4,5,24,0.1,0.3141786680065427,9.693633974691348,54,299,353
4,5,24,1.0,0.31715400007736544,9.965707664841048,54,299,353
4,5,24,10.0,0.3236688236034923,10.180680528875333,54,299,353
4,5,48,1e-06,0.8112828799543457,50.019940127944295,54,299,353
4,5,48,0.0001,0.772663995564801,45.18984558339489,54,299,353
4,5,48,0.001,0.5768212856864009,25.794513976816944,54,299,353
4,5,48,0.01,0.3735980982263352,12.197343987765636,54,299,353
4,5,48,0.1,0.3625568124753003,11.685244884030524,54,299,353
4,5,48,1.0,0.43302440228279326,15.48897640845158,54,299,353
4,5,48,10.0,0.4837929549011913,18.128410082794986,54,299,353
4,5,72,1e-06,1.0293831421694593,79.04438670767934,54,299,353
4,5,72,0.0001,0.8940704097708014,59.4018994649116,54,299,353
4,5,72,0.001,0.5326681867934014,22.630563339637867,54,299,353
4,5,72,0.01,0.37543544070549567,12.566216596985889,54,299,353
4,5,72,0.1,0.37725573684571917,12.764875760324994,54,299,353
4,5,72,1.0,0.4971277388192239,19.142272282963383,54,299,353
4,5,72,10.0,0.6242619044390146,27.444479885133912,54,299,353
